Workbook

Sheet Summary
A1: Project | F1: Project | G1: Web A - To-Do List Application | I1: Priority | J1: Số lượng
F2: Test date | I2: High | J2: 20
F3: Devices | G3: Chrome / Firefox / Safari / Edge | I3: Medium | J3: 15
F4: Build | I4: Low | J4: 7
A6: Module | B6: Module status | C6: Testcase status | F6: Total testcase | G6: Execution Coverage | H6: Pass rate
C7: Pass | D7: Fail | E7: N/T
A8: 1. Thêm Task | B8: N/T | C8: ='Thêm Task'!B2 -> 0 | D8: ='Thêm Task'!B3 -> 0 | E8: ='Thêm Task'!B4 -> 11 | F8: ='Thêm Task'!B5 -> 11 | G8: =IFERROR((D8+C8)/F8,0) -> 0 | H8: =IFERROR(C8/(C8+D8),0) -> 0
A9: 2. Toggle Task | B9: N/T | C9: ='Toggle Task'!B2 -> 0 | D9: ='Toggle Task'!B3 -> 0 | E9: ='Toggle Task'!B4 -> 5 | F9: ='Toggle Task'!B5 -> 5 | G9: =IFERROR((D9+C9)/F9,0) -> 0 | H9: =IFERROR(C9/(C9+D9),0) -> 0
A10: 3. Xóa Task | B10: N/T | C10: ='Xóa Task'!B2 -> 0 | D10: ='Xóa Task'!B3 -> 0 | E10: ='Xóa Task'!B4 -> 6 | F10: ='Xóa Task'!B5 -> 6 | G10: =IFERROR((D10+C10)/F10,0) -> 0 | H10: =IFERROR(C10/(C10+D10),0) -> 0
A11: 4. Bộ lọc | B11: N/T | C11: ='Bộ lọc'!B2 -> 0 | D11: ='Bộ lọc'!B3 -> 0 | E11: ='Bộ lọc'!B4 -> 8 | F11: ='Bộ lọc'!B5 -> 8 | G11: =IFERROR((D11+C11)/F11,0) -> 0 | H11: =IFERROR(C11/(C11+D11),0) -> 0
A12: 5. Performance | B12: N/T | C12: =Performance!B2 -> 0 | D12: =Performance!B3 -> 0 | E12: =Performance!B4 -> 3 | F12: =Performance!B5 -> 3 | G12: =IFERROR((D12+C12)/F12,0) -> 0 | H12: =IFERROR(C12/(C12+D12),0) -> 0
A13: 6. Lưu trữ dữ liệu | B13: N/T | C13: ='Lưu trữ dữ liệu'!B2 -> 0 | D13: ='Lưu trữ dữ liệu'!B3 -> 0 | E13: ='Lưu trữ dữ liệu'!B4 -> 6 | F13: ='Lưu trữ dữ liệu'!B5 -> 6 | G13: =IFERROR((D13+C13)/F13,0) -> 0 | H13: =IFERROR(C13/(C13+D13),0) -> 0
A14: 7. Cross-Browser | B14: N/T | C14: ='Cross-Browser'!B2 -> 0 | D14: ='Cross-Browser'!B3 -> 0 | E14: ='Cross-Browser'!B4 -> 3 | F14: ='Cross-Browser'!B5 -> 3 | G14: =IFERROR((D14+C14)/F14,0) -> 0 | H14: =IFERROR(C14/(C14+D14),0) -> 0
A15: TỔNG CỘNG | C15: =SUM(C8:C14) -> 0 | D15: =SUM(D8:D14) -> 0 | E15: =SUM(E8:E14) -> 42 | F15: =SUM(F8:F14) -> 42 | G15: =IFERROR((D15+C15)/F15,0) -> 0 | H15: =IFERROR(C15/(C15+D15),0) -> 0

Sheet Thêm Task
A1: Status | D1: Project | E1: Web A - To-Do List
A2: Pass | B2: =COUNTIF(G9:G19,"Pass") -> 0 | D2: Module | E2: Thêm Task
A3: Fail | B3: =COUNTIF(G9:G19,"Fail") -> 0 | D3: Priority
A4: N/T | B4: =COUNTIF(G9:G19,"N/T") -> 11 | D4: Devices | E4: Chrome / Firefox / Safari / Edge
A5: Total | B5: =SUM(B2:B4) -> 11 | D5: Testdate
A7: No. | B7: Title testcase | C7: Pre-condition | D7: Step by step | E7: Expected result | F7: Actual result | G7: Status | H7: Evidence | I7: Note
A9: TC-ADD-01 | B9: Thêm task hợp lệ bằng nút Add | C9: Người dùng đang ở giao diện chính, ô input trống. | D9: 1. Click vào ô input. 2. Nhập nội dung task. 3. Click nút 'Add'. | E9: Task 'Học Testing as Code' xuất hiện trong danh sách với trạng thái Pending. Ô input được tự động làm trống. | G9: N/T
A10: TC-ADD-02 | B10: Thêm task hợp lệ bằng phím Enter | C10: Người dùng đang ở giao diện chính, ô input trống. | D10: 1. Click vào ô input. 2. Nhập nội dung task. 3. Nhấn phím Enter. | E10: Task 'Mua sách Git' xuất hiện trong danh sách với trạng thái Pending. Ô input được làm trống. | G10: N/T
A11: TC-ADD-03 | B11: Không cho thêm task khi ô input để trống | C11: Ô input đang trống. | D11: 1. Không nhập gì vào ô input. 2. Click nút 'Add' (hoặc nhấn Enter). | E11: Không có task mới được thêm. Không phát sinh lỗi JS console. | G11: N/T
A12: TC-ADD-04 | B12: Không cho thêm task khi chỉ nhập khoảng trắng | C12: Ô input đang trống. | D12: 1. Nhập chuỗi chỉ gồm khoảng trắng. 2. Click nút 'Add'. | E12: Không có task mới được thêm (chuỗi chỉ khoảng trắng bị coi là rỗng sau khi trim). | G12: N/T
A13: TC-ADD-05 | B13: Tự động trim khoảng trắng thừa ở đầu/cuối chuỗi nhập | C13: Ô input đang trống. | D13: 1. Nhập chuỗi có khoảng trắng thừa ở đầu/cuối. 2. Click nút 'Add'. | E13: Task được thêm với nội dung đã trim: "Đi chợ mua rau". | G13: N/T
A14: TC-ADD-06 | B14: [Security] Nhập thẻ script vào task – kiểm tra chống XSS | C14: Ô input đang trống. | D14: 1. Nhập chuỗi chứa thẻ script. 2. Click 'Add'. 3. Quan sát danh sách và Console log. | E14: Task hiển thị dạng text thuần, KHÔNG thực thi JS. Không có popup alert, không lỗi Console. | G14: N/T
A15: TC-ADD-07 | B15: [Security] Nhập thẻ HTML định dạng vào task | C15: Ô input đang trống. | D15: 1. Nhập chuỗi chứa thẻ HTML. 2. Click 'Add'. | E15: Task hiển thị nguyên văn dạng text, không bị render thành chữ đậm. | G15: N/T
A16: TC-ADD-08 | B16: [Boundary] Nhập tên task rất dài (255+ ký tự) | C16: Ô input đang trống. | D16: 1. Nhập chuỗi 255+ ký tự. 2. Click 'Add'. 3. Quan sát layout. | E16: Task được thêm thành công, layout không bị vỡ (text wrap/truncate hợp lý). | G16: N/T
A17: TC-ADD-09 | B17: Thêm nhiều task liên tiếp (spam click nút Add) | C17: Ô input đang trống. | D17: 1. Nhập nội dung task. 2. Spam click nút 'Add' nhiều lần nhanh. | E17: Chỉ 1 task được thêm. Không có task trùng lặp hoặc lỗi ứng dụng. | G17: N/T
A18: TC-ADD-10 | B18: Thêm task chứa ký tự đặc biệt và emoji | C18: Ô input đang trống. | D18: 1. Nhập nội dung có ký tự đặc biệt/emoji. 2. Click 'Add'. | E18: Task được thêm thành công, hiển thị chính xác emoji và ký tự đặc biệt. | G18: N/T
A19: TC-ADD-11 | B19: Thêm task trùng tên với task đã tồn tại | C19: Danh sách đã có sẵn task 'Đọc sách'. | D19: 1. Nhập nội dung trùng tên. 2. Click 'Add'. | E19: Task mới vẫn được thêm như 1 item độc lập. Danh sách hiển thị 2 task 'Đọc sách' riêng biệt. | G19: N/T

Sheet Toggle Task
A1: Status | D1: Project | E1: Web A - To-Do List
A2: Pass | B2: =COUNTIF(G9:G13,"Pass") -> 0 | D2: Module | E2: Toggle Task
A3: Fail | B3: =COUNTIF(G9:G13,"Fail") -> 0 | D3: Priority
A4: N/T | B4: =COUNTIF(G9:G13,"N/T") -> 5 | D4: Devices | E4: Chrome / Firefox / Safari / Edge
A5: Total | B5: =SUM(B2:B4) -> 5 | D5: Testdate
A7: No. | B7: Title testcase | C7: Pre-condition | D7: Step by step | E7: Expected result | F7: Actual result | G7: Status | H7: Evidence | I7: Note
A9: TC-TOGGLE-01 | B9: Chuyển task từ Active sang Completed | C9: Danh sách có sẵn task 'Mua sách Git' ở trạng thái Active. | D9: 1. Click checkbox của task. 2. Quan sát trạng thái và giao diện. | E9: Checkbox checked. Trạng thái chuyển Completed. Tiêu đề có strikethrough. | G9: N/T
A10: TC-TOGGLE-02 | B10: Chuyển task từ Completed về lại Active | C10: Danh sách có sẵn task 'Mua sách Git' ở trạng thái Completed. | D10: 1. Click lại checkbox để bỏ chọn. 2. Quan sát trạng thái và giao diện. | E10: Checkbox unchecked. Trạng thái về Active. Hiệu ứng gạch ngang bị gỡ bỏ. | G10: N/T
A11: TC-TOGGLE-03 | B11: Verify trạng thái toggle được lưu đúng vào localStorage | C11: Danh sách có sẵn 1 task Active. | D11: 1. Click checkbox để Complete. 2. Mở DevTools > Application > Local Storage. 3. Kiểm tra giá trị key lưu trữ. | E11: Giá trị localStorage của task được cập nhật đúng field trạng thái (completed: true). | G11: N/T
A12: TC-TOGGLE-04 | B12: Toggle nhiều task cùng lúc, verify không ảnh hưởng lẫn nhau | C12: Danh sách có sẵn 3 task Active: A, B, C. | D12: 1. Click checkbox task A. 2. Click checkbox task C. 3. Quan sát trạng thái cả 3. | E12: A, C chuyển Completed (strikethrough). B vẫn Active. Không ảnh hưởng sai. | G12: N/T
A13: TC-TOGGLE-05 | B13: Spam click checkbox liên tục trên cùng 1 task | C13: Danh sách có sẵn 1 task Active. | D13: 1. Spam click checkbox nhiều lần nhanh. | E13: Trạng thái toggle đúng theo số lần click (chẵn=Active, lẻ=Completed). Không giật/lag, không lỗi Console. | G13: N/T

Sheet Xóa Task
A1: Status | D1: Project | E1: Web A - To-Do List
A2: Pass | B2: =COUNTIF(G9:G14,"Pass") -> 0 | D2: Module | E2: Xóa Task
A3: Fail | B3: =COUNTIF(G9:G14,"Fail") -> 0 | D3: Priority
A4: N/T | B4: =COUNTIF(G9:G14,"N/T") -> 6 | D4: Devices | E4: Chrome / Firefox / Safari / Edge
A5: Total | B5: =SUM(B2:B4) -> 6 | D5: Testdate
A7: No. | B7: Title testcase | C7: Pre-condition | D7: Step by step | E7: Expected result | F7: Actual result | G7: Status | H7: Evidence | I7: Note
A9: TC-DEL-01 | B9: Xóa task duy nhất trong danh sách | C9: Danh sách chỉ có đúng 1 task 'Task cần xóa'. | D9: 1. Click icon Delete tương ứng. 2. Quan sát danh sách. | E9: Task biến mất hoàn toàn. Danh sách hiển thị trạng thái rỗng, không lỗi UI. | G9: N/T
A10: TC-DEL-02 | B10: Xóa 1 task giữa danh sách nhiều task | C10: Danh sách có sẵn 3 task: A, B, C (theo thứ tự). | D10: 1. Click Delete task B (giữa). 2. Quan sát danh sách còn lại. | E10: Task B biến mất. A và C còn nguyên, đúng thứ tự, không xáo trộn. | G10: N/T
A11: TC-DEL-03 | B11: Verify localStorage cập nhật loại bỏ task ngay sau khi xóa | C11: Danh sách có sẵn ít nhất 2 task. | D11: 1. Click Delete 1 task. 2. Mở DevTools > Application > Local Storage. 3. Kiểm tra dữ liệu key. | E11: localStorage không còn chứa task vừa xóa. Task còn lại vẫn đầy đủ, đúng dữ liệu. | G11: N/T
A12: TC-DEL-04 | B12: Xóa task đã ở trạng thái Completed | C12: Danh sách có sẵn 1 task ở trạng thái Completed. | D12: 1. Click Delete task đã Completed. 2. Quan sát danh sách. | E12: Task bị xóa hoàn toàn khỏi giao diện và localStorage. | G12: N/T
A13: TC-DEL-05 | B13: Spam click nút Delete liên tục trên cùng 1 task | C13: Danh sách có sẵn 1 task. | D13: 1. Spam click nút Delete nhiều lần nhanh. | E13: Task chỉ bị xóa 1 lần, không phát sinh lỗi JS (null reference). | G13: N/T
A14: TC-DEL-06 | B14: Xóa toàn bộ task trong danh sách lần lượt | C14: Danh sách có sẵn 5 task. | D14: 1. Lần lượt Delete từng task đến khi rỗng. 2. Quan sát UI sau mỗi lần xóa và F5. | E14: Sau khi xóa hết, danh sách rỗng. Sau F5 vẫn rỗng, localStorage đã cập nhật đúng. | G14: N/T

Sheet Bộ lọc
A1: Status | D1: Project | E1: Web A - To-Do List
A2: Pass | B2: =COUNTIF(G9:G16,"Pass") -> 0 | D2: Module | E2: Bộ lọc
A3: Fail | B3: =COUNTIF(G9:G16,"Fail") -> 0 | D3: Priority
A4: N/T | B4: =COUNTIF(G9:G16,"N/T") -> 8 | D4: Devices | E4: Chrome / Firefox / Safari / Edge
A5: Total | B5: =SUM(B2:B4) -> 8 | D5: Testdate
A7: No. | B7: Title testcase | C7: Pre-condition | D7: Step by step | E7: Expected result | F7: Actual result | G7: Status | H7: Evidence | I7: Note
A9: TC-FILTER-01 | B9: Lọc theo 'Active' chỉ hiển thị task chưa hoàn thành | C9: Danh sách có 2 task Active, 2 task Completed. | D9: 1. Click bộ lọc 'Active'. 2. Quan sát danh sách. | E9: Chỉ 2 task Active hiển thị. Task Completed bị ẩn khỏi view (không xóa dữ liệu). | G9: N/T
A10: TC-FILTER-02 | B10: Lọc theo 'Completed' chỉ hiển thị task đã hoàn thành | C10: Danh sách có 2 task Active, 2 task Completed. | D10: 1. Click bộ lọc 'Completed'. 2. Quan sát danh sách. | E10: Chỉ 2 task Completed hiển thị (có strikethrough). Task Active bị ẩn. | G10: N/T
A11: TC-FILTER-03 | B11: Lọc theo 'All' hiển thị toàn bộ task | C11: Danh sách có 2 task Active, 2 task Completed, đang ở bộ lọc khác 'All'. | D11: 1. Click bộ lọc 'All'. 2. Quan sát danh sách. | E11: Toàn bộ 4 task hiển thị, đúng trạng thái từng task. | G11: N/T
A12: TC-FILTER-04 | B12: Thêm task mới khi đang ở bộ lọc 'Active' | C12: Bộ lọc hiện tại 'Active', có task Active và Completed. | D12: 1. Đảm bảo filter 'Active'. 2. Thêm 1 task mới hợp lệ. 3. Quan sát danh sách. | E12: Task mới xuất hiện ngay vì mặc định Active, phù hợp filter hiện tại. | G12: N/T
A13: TC-FILTER-05 | B13: Toggle task khi đang ở bộ lọc 'Active' – task biến mất khỏi view | C13: Filter 'Active', có ít nhất 1 task Active hiển thị. | D13: 1. Đảm bảo filter 'Active'. 2. Click checkbox hoàn thành 1 task đang hiển thị. 3. Quan sát danh sách. | E13: Task vừa Complete biến mất khỏi view ngay (real-time, không cần F5). | G13: N/T
A14: TC-FILTER-06 | B14: Xóa task khi đang ở bộ lọc 'Completed' | C14: Filter 'Completed', có ít nhất 1 task Completed hiển thị. | D14: 1. Đảm bảo filter 'Completed'. 2. Click Delete 1 task đang hiển thị. 3. Quan sát danh sách. | E14: Task bị xóa ngay khỏi view và localStorage, filter vẫn đúng. | G14: N/T
A15: TC-FILTER-07 | B15: Lọc khi danh sách task rỗng (Empty State) | C15: Danh sách task hiện đang rỗng. | D15: 1. Lần lượt click 'All', 'Active', 'Completed'. 2. Quan sát giao diện. | E15: Cả 3 filter hiển thị trạng thái rỗng hợp lý, không lỗi JS. | G15: N/T
A16: TC-FILTER-08 | B16: Refresh trang (F5) khi đang ở bộ lọc khác 'All' | C16: Filter hiện tại 'Active' hoặc 'Completed'. | D16: 1. Chọn filter 'Active'. 2. Nhấn F5. 3. Quan sát filter và danh sách sau khi tải lại. | E16: Không lỗi. Filter reset về 'All' hoặc giữ nguyên tùy thiết kế, hành vi nhất quán. | G16: N/T

Sheet Performance
A1: Status | D1: Project | E1: Web A - To-Do List
A2: Pass | B2: =COUNTIF(G9:G11,"Pass") -> 0 | D2: Module | E2: Performance
A3: Fail | B3: =COUNTIF(G9:G11,"Fail") -> 0 | D3: Priority
A4: N/T | B4: =COUNTIF(G9:G11,"N/T") -> 3 | D4: Devices | E4: Chrome / Firefox / Safari / Edge
A5: Total | B5: =SUM(B2:B4) -> 3 | D5: Testdate
A7: No. | B7: Title testcase | C7: Pre-condition | D7: Step by step | E7: Expected result | F7: Actual result | G7: Status | H7: Evidence | I7: Note
A9: TC-PERF-01 | B9: Đo thời gian tải trang (Load Time) dưới 1 giây | C9: Trình duyệt đã đóng hết tab liên quan. | D9: 1. Mở DevTools > Network. 2. Tick 'Disable cache'. 3. Hard Refresh (Ctrl+Shift+R). 4. Ghi nhận thời gian Load/DOMContentLoaded. | E9: Thời gian Load trang dưới 1 giây (< 1000ms). | G9: N/T
A10: TC-PERF-02 | B10: Đo chỉ số First Contentful Paint (FCP) qua Lighthouse | C10: Chrome, ứng dụng đã deploy hoặc chạy local server. | D10: 1. Mở DevTools > Lighthouse. 2. Chọn Performance, Device: Desktop. 3. Run Analyze. 4. Ghi nhận FCP. | E10: FCP đạt ngưỡng 'Good' theo Lighthouse (thường < 1.8s). | G10: N/T
A11: TC-PERF-03 | B11: Đo thời gian phản hồi UI khi thao tác với danh sách lớn | C11: Danh sách đã có sẵn 100+ task. | D11: 1. Tải trang với 100+ task. 2. Thao tác Add/Delete/Toggle 1 task. 3. Quan sát độ trễ phản hồi. | E11: UI phản hồi mượt (< 300ms), không treo trình duyệt. | G11: N/T

Sheet Lưu trữ dữ liệu
A1: Status | D1: Project | E1: Web A - To-Do List
A2: Pass | B2: =COUNTIF(G9:G14,"Pass") -> 0 | D2: Module | E2: Lưu trữ dữ liệu
A3: Fail | B3: =COUNTIF(G9:G14,"Fail") -> 0 | D3: Priority
A4: N/T | B4: =COUNTIF(G9:G14,"N/T") -> 6 | D4: Devices | E4: Chrome / Firefox / Safari / Edge
A5: Total | B5: =SUM(B2:B4) -> 6 | D5: Testdate
A7: No. | B7: Title testcase | C7: Pre-condition | D7: Step by step | E7: Expected result | F7: Actual result | G7: Status | H7: Evidence | I7: Note
A9: TC-STORE-01 | B9: Dữ liệu task giữ nguyên sau khi Refresh (F5) | C9: Danh sách có sẵn ít nhất 3 task, trạng thái khác nhau. | D9: 1. Ghi nhận danh sách hiện tại. 2. Nhấn F5. 3. So sánh sau khi tải lại. | E9: Toàn bộ task và trạng thái giữ nguyên, không mất dữ liệu, không đảo thứ tự. | G9: N/T
A10: TC-STORE-02 | B10: Dữ liệu task giữ nguyên sau khi đóng/mở lại Tab hoặc trình duyệt | C10: Danh sách có sẵn ít nhất 2 task. | D10: 1. Ghi nhận danh sách. 2. Đóng tab/trình duyệt. 3. Mở lại và truy cập URL. 4. So sánh danh sách. | E10: Dữ liệu khôi phục đầy đủ, chính xác từ localStorage. | G10: N/T
A11: TC-STORE-03 | B11: [Edge Case] Ứng dụng xử lý an toàn khi localStorage bị xóa thủ công | C11: Danh sách đã có sẵn task. | D11: 1. Mở DevTools > Application > Local Storage. 2. Xóa thủ công key lưu trữ. 3. F5. 4. Quan sát giao diện và Console. | E11: Hiển thị danh sách rỗng an toàn, KHÔNG crash JS, không lỗi Console. | G11: N/T
A12: TC-STORE-04 | B12: [Edge Case] Dữ liệu localStorage bị hỏng định dạng (corrupted JSON) | C12: Danh sách đã có sẵn task trong localStorage. | D12: 1. Mở Console. 2. Ghi đè giá trị key thành JSON không hợp lệ. 3. F5. 4. Quan sát giao diện và Console. | E12: Không crash trắng trang. Có try/catch, hiển thị rỗng hoặc thông báo lỗi thân thiện. | G12: N/T
A13: TC-STORE-05 | B13: Verify dữ liệu localStorage cập nhật đúng ngay sau khi Add task | C13: Ô input trống, danh sách hiện tại đã biết trước. | D13: 1. Thêm 1 task mới hợp lệ. 2. Mở DevTools > Local Storage ngay sau đó. 3. Kiểm tra dữ liệu. | E13: Task mới xuất hiện ngay trong localStorage đầy đủ thông tin, không cần F5. | G13: N/T
A14: TC-STORE-06 | B14: Refresh liên tục nhiều lần (F5 spam) không làm mất/nhân đôi dữ liệu | C14: Danh sách đã có sẵn 3 task. | D14: 1. Nhấn F5 liên tục 5-10 lần nhanh. 2. Quan sát danh sách sau khi dừng. | E14: Vẫn đúng 3 task, không nhân đôi, không mất dữ liệu, không có task rác. | G14: N/T

Sheet Cross-Browser
A1: Status | D1: Project | E1: Web A - To-Do List
A2: Pass | B2: =COUNTIF(G9:G11,"Pass") -> 0 | D2: Module | E2: Cross-Browser
A3: Fail | B3: =COUNTIF(G9:G11,"Fail") -> 0 | D3: Priority
A4: N/T | B4: =COUNTIF(G9:G11,"N/T") -> 3 | D4: Devices | E4: Chrome / Firefox / Safari / Edge
A5: Total | B5: =SUM(B2:B4) -> 3 | D5: Testdate
A7: No. | B7: Title testcase | C7: Pre-condition | D7: Step by step | E7: Expected result | F7: Actual result | G7: Status | H7: Evidence | I7: Note
A9: TC-XBR-01 | B9: Kiểm thử toàn bộ luồng CRUD trên Firefox | C9: Firefox phiên bản mới nhất đã cài đặt. | D9: 1. Truy cập ứng dụng trên Firefox. 2. Thực hiện Add/Toggle/Delete/Filter. 3. Refresh và kiểm tra persistence. | E9: Toàn bộ chức năng hoạt động đúng như Chrome, không vỡ layout, localStorage bình thường. | G9: N/T
A10: TC-XBR-02 | B10: Kiểm thử toàn bộ luồng CRUD trên Safari | C10: Safari phiên bản mới nhất (macOS) đã cài đặt. | D10: 1. Truy cập ứng dụng trên Safari. 2. Thực hiện Add/Toggle/Delete/Filter. 3. Refresh và kiểm tra persistence. | E10: Toàn bộ chức năng hoạt động đúng như Chrome, không vỡ layout, localStorage bình thường. | G10: N/T
A11: TC-XBR-03 | B11: Kiểm thử giao diện responsive trên viewport Mobile | C11: DevTools mở sẵn Device Toolbar (iPhone 12 Pro). | D11: 1. Mở Device Toolbar, chọn iPhone 12 Pro. 2. Thực hiện Add/Toggle/Delete. 3. Quan sát layout, tap target. | E11: Giao diện đúng, không vỡ layout. Nút đủ lớn để chạm (~44px), không chồng lấn. | G11: N/T
